{"cameraMode":{"drawMode":0,"name":"Shaded","section":"Shading Mode"},"sceneLighting":true,"audioPlay":false,"sceneViewState":{"showFog":true,"showMaterialUpdate":false,"showSkybox":true,"showFlares":true,"showImageEffects":true,"showParticleSystems":true},"in2DMode":false,"pivot":{"x":-0.5615249276161194,"y":-0.1584967076778412,"z":1.2966618537902833},"rotation":{"x":-0.0812029242515564,"y":0.8802990913391113,"z":-0.1631994992494583,"w":-0.4380075931549072},"size":2.043292284011841,"orthographic":false}