{"cameraMode":{"drawMode":0,"name":"Shaded","section":"Shading Mode"},"sceneLighting":true,"audioPlay":false,"sceneViewState":{"showFog":true,"showMaterialUpdate":false,"showSkybox":true,"showFlares":true,"showImageEffects":true,"showParticleSystems":true},"in2DMode":false,"pivot":{"x":0.22432999312877656,"y":-0.842035174369812,"z":0.9271610379219055},"rotation":{"x":-0.18625791370868684,"y":0.140061616897583,"z":-0.026836371049284936,"w":-0.9720982313156128},"size":7.586129188537598,"orthographic":false}